[{"model": "rounds.course", "pk": 1, "fields": {"name": "StGH"}}, {"model": "rounds.course", "pk": 2, "fields": {"name": "Sunningdale (Old)"}}, {"model": "rounds.hole", "pk": 1, "fields": {"number": 1, "par": 4, "stroke_index": 13, "yards": 382, "course": 1}}, {"model": "rounds.hole", "pk": 2, "fields": {"number": 2, "par": 4, "stroke_index": 3, "yards": 458, "course": 1}}, {"model": "rounds.hole", "pk": 3, "fields": {"number": 3, "par": 3, "stroke_index": 9, "yards": 198, "course": 1}}, {"model": "rounds.hole", "pk": 4, "fields": {"number": 4, "par": 4, "stroke_index": 17, "yards": 272, "course": 1}}, {"model": "rounds.hole", "pk": 5, "fields": {"number": 5, "par": 4, "stroke_index": 5, "yards": 388, "course": 1}}, {"model": "rounds.hole", "pk": 6, "fields": {"number": 6, "par": 4, "stroke_index": 1, "yards": 468, "course": 1}}, {"model": "rounds.hole", "pk": 7, "fields": {"number": 7, "par": 5, "stroke_index": 11, "yards": 476, "course": 1}}, {"model": "rounds.hole", "pk": 8, "fields": {"number": 8, "par": 3, "stroke_index": 15, "yards": 179, "course": 1}}, {"model": "rounds.hole", "pk": 9, "fields": {"number": 9, "par": 4, "stroke_index": 7, "yards": 389, "course": 1}}, {"model": "rounds.hole", "pk": 10, "fields": {"number": 10, "par": 4, "stroke_index": 6, "yards": 434, "course": 1}}, {"model": "rounds.hole", "pk": 11, "fields": {"number": 11, "par": 3, "stroke_index": 18, "yards": 119, "course": 1}}, {"model": "rounds.hole", "pk": 12, "fields": {"number": 12, "par": 4, "stroke_index": 16, "yards": 348, "course": 1}}, {"model": "rounds.hole", "pk": 13, "fields": {"number": 13, "par": 4, "stroke_index": 2, "yards": 427, "course": 1}}, {"model": "rounds.hole", "pk": 14, "fields": {"number": 14, "par": 3, "stroke_index": 10, "yards": 211, "course": 1}}, {"model": "rounds.hole", "pk": 15, "fields": {"number": 15, "par": 5, "stroke_index": 12, "yards": 547, "course": 1}}, {"model": "rounds.hole", "pk": 16, "fields": {"number": 16, "par": 4, "stroke_index": 4, "yards": 438, "course": 1}}, {"model": "rounds.hole", "pk": 17, "fields": {"number": 17, "par": 4, "stroke_index": 8, "yards": 417, "course": 1}}, {"model": "rounds.hole", "pk": 18, "fields": {"number": 18, "par": 4, "stroke_index": 14, "yards": 390, "course": 1}}, {"model": "rounds.score", "pk": 1, "fields": {"date": "2019-06-30", "shots": 6, "player": 10, "hole": 1}}, {"model": "rounds.score", "pk": 2, "fields": {"date": "2019-06-30", "shots": 6, "player": 10, "hole": 2}}, {"model": "rounds.score", "pk": 3, "fields": {"date": "2019-06-30", "shots": 4, "player": 10, "hole": 3}}, {"model": "rounds.score", "pk": 4, "fields": {"date": "2019-06-30", "shots": 3, "player": 10, "hole": 4}}, {"model": "rounds.score", "pk": 5, "fields": {"date": "2019-06-30", "shots": 5, "player": 10, "hole": 5}}, {"model": "rounds.score", "pk": 6, "fields": {"date": "2019-06-30", "shots": 5, "player": 10, "hole": 6}}, {"model": "rounds.score", "pk": 7, "fields": {"date": "2019-06-30", "shots": 5, "player": 10, "hole": 7}}, {"model": "rounds.score", "pk": 8, "fields": {"date": "2019-06-30", "shots": 3, "player": 10, "hole": 8}}, {"model": "rounds.score", "pk": 9, "fields": {"date": "2019-06-30", "shots": 6, "player": 10, "hole": 9}}, {"model": "rounds.score", "pk": 10, "fields": {"date": "2019-06-30", "shots": 5, "player": 10, "hole": 10}}, {"model": "rounds.score", "pk": 11, "fields": {"date": "2019-06-30", "shots": 3, "player": 10, "hole": 11}}, {"model": "rounds.score", "pk": 12, "fields": {"date": "2019-06-30", "shots": 4, "player": 10, "hole": 12}}, {"model": "rounds.score", "pk": 13, "fields": {"date": "2019-06-30", "shots": 4, "player": 10, "hole": 13}}, {"model": "rounds.score", "pk": 14, "fields": {"date": "2019-06-30", "shots": 5, "player": 10, "hole": 14}}, {"model": "rounds.score", "pk": 15, "fields": {"date": "2019-06-30", "shots": 4, "player": 10, "hole": 15}}, {"model": "rounds.score", "pk": 16, "fields": {"date": "2019-06-30", "shots": 5, "player": 10, "hole": 16}}, {"model": "rounds.score", "pk": 17, "fields": {"date": "2019-06-30", "shots": 4, "player": 10, "hole": 17}}, {"model": "rounds.score", "pk": 18, "fields": {"date": "2019-06-30", "shots": 5, "player": 10, "hole": 18}}, {"model": "rounds.score", "pk": 19, "fields": {"date": "2019-06-22", "shots": 4, "player": 10, "hole": 1}}, {"model": "rounds.score", "pk": 20, "fields": {"date": "2019-06-22", "shots": 5, "player": 10, "hole": 2}}, {"model": "rounds.score", "pk": 21, "fields": {"date": "2019-06-22", "shots": 3, "player": 10, "hole": 3}}, {"model": "rounds.score", "pk": 22, "fields": {"date": "2019-06-22", "shots": 4, "player": 10, "hole": 4}}, {"model": "rounds.score", "pk": 23, "fields": {"date": "2019-06-22", "shots": 4, "player": 10, "hole": 5}}, {"model": "rounds.score", "pk": 24, "fields": {"date": "2019-06-22", "shots": 5, "player": 10, "hole": 6}}, {"model": "rounds.score", "pk": 25, "fields": {"date": "2019-06-22", "shots": 5, "player": 10, "hole": 7}}, {"model": "rounds.score", "pk": 26, "fields": {"date": "2019-06-22", "shots": 3, "player": 10, "hole": 8}}, {"model": "rounds.score", "pk": 27, "fields": {"date": "2019-06-22", "shots": 4, "player": 10, "hole": 9}}, {"model": "rounds.score", "pk": 28, "fields": {"date": "2019-06-22", "shots": 5, "player": 10, "hole": 10}}, {"model": "rounds.score", "pk": 29, "fields": {"date": "2019-06-22", "shots": 3, "player": 10, "hole": 11}}, {"model": "rounds.score", "pk": 30, "fields": {"date": "2019-06-22", "shots": 4, "player": 10, "hole": 12}}, {"model": "rounds.score", "pk": 31, "fields": {"date": "2019-06-22", "shots": 5, "player": 10, "hole": 13}}, {"model": "rounds.score", "pk": 32, "fields": {"date": "2019-06-22", "shots": 4, "player": 10, "hole": 14}}, {"model": "rounds.score", "pk": 33, "fields": {"date": "2019-06-22", "shots": 6, "player": 10, "hole": 15}}, {"model": "rounds.score", "pk": 34, "fields": {"date": "2019-06-22", "shots": 6, "player": 10, "hole": 16}}, {"model": "rounds.score", "pk": 35, "fields": {"date": "2019-06-22", "shots": 5, "player": 10, "hole": 17}}, {"model": "rounds.score", "pk": 36, "fields": {"date": "2019-06-22", "shots": 5, "player": 10, "hole": 18}}, {"model": "rounds.score", "pk": 37, "fields": {"date": "2019-04-14", "shots": 4, "player": 10, "hole": 1}}, {"model": "rounds.score", "pk": 38, "fields": {"date": "2019-04-14", "shots": 5, "player": 10, "hole": 2}}, {"model": "rounds.score", "pk": 39, "fields": {"date": "2019-04-14", "shots": 2, "player": 10, "hole": 3}}, {"model": "rounds.score", "pk": 40, "fields": {"date": "2019-04-14", "shots": 5, "player": 10, "hole": 4}}, {"model": "rounds.score", "pk": 41, "fields": {"date": "2019-04-14", "shots": 4, "player": 10, "hole": 5}}, {"model": "rounds.score", "pk": 42, "fields": {"date": "2019-04-14", "shots": 4, "player": 10, "hole": 6}}, {"model": "rounds.score", "pk": 43, "fields": {"date": "2019-04-14", "shots": 5, "player": 10, "hole": 7}}, {"model": "rounds.score", "pk": 44, "fields": {"date": "2019-04-14", "shots": 3, "player": 10, "hole": 8}}, {"model": "rounds.score", "pk": 45, "fields": {"date": "2019-04-14", "shots": 5, "player": 10, "hole": 9}}, {"model": "rounds.score", "pk": 46, "fields": {"date": "2019-04-14", "shots": 6, "player": 10, "hole": 10}}, {"model": "rounds.score", "pk": 47, "fields": {"date": "2019-04-14", "shots": 3, "player": 10, "hole": 11}}, {"model": "rounds.score", "pk": 48, "fields": {"date": "2019-04-14", "shots": 5, "player": 10, "hole": 12}}, {"model": "rounds.score", "pk": 49, "fields": {"date": "2019-04-14", "shots": 5, "player": 10, "hole": 13}}, {"model": "rounds.score", "pk": 50, "fields": {"date": "2019-04-14", "shots": 3, "player": 10, "hole": 14}}, {"model": "rounds.score", "pk": 51, "fields": {"date": "2019-04-14", "shots": 5, "player": 10, "hole": 15}}, {"model": "rounds.score", "pk": 52, "fields": {"date": "2019-04-14", "shots": 5, "player": 10, "hole": 16}}, {"model": "rounds.score", "pk": 53, "fields": {"date": "2019-04-14", "shots": 5, "player": 10, "hole": 17}}, {"model": "rounds.score", "pk": 54, "fields": {"date": "2019-04-14", "shots": 5, "player": 10, "hole": 18}}, {"model": "rounds.score", "pk": 57, "fields": {"date": "2018-09-16", "shots": 4, "player": 10, "hole": 1}}, {"model": "rounds.score", "pk": 58, "fields": {"date": "2018-09-16", "shots": 4, "player": 10, "hole": 2}}, {"model": "rounds.score", "pk": 59, "fields": {"date": "2018-09-16", "shots": 3, "player": 10, "hole": 3}}, {"model": "rounds.score", "pk": 60, "fields": {"date": "2018-09-16", "shots": 4, "player": 10, "hole": 4}}, {"model": "rounds.score", "pk": 61, "fields": {"date": "2018-09-16", "shots": 5, "player": 10, "hole": 5}}, {"model": "rounds.score", "pk": 62, "fields": {"date": "2018-09-16", "shots": 4, "player": 10, "hole": 6}}, {"model": "rounds.score", "pk": 63, "fields": {"date": "2018-09-16", "shots": 6, "player": 10, "hole": 7}}, {"model": "rounds.score", "pk": 64, "fields": {"date": "2018-09-16", "shots": 3, "player": 10, "hole": 8}}, {"model": "rounds.score", "pk": 65, "fields": {"date": "2018-09-16", "shots": 4, "player": 10, "hole": 9}}, {"model": "rounds.score", "pk": 66, "fields": {"date": "2018-09-16", "shots": 4, "player": 10, "hole": 10}}, {"model": "rounds.score", "pk": 67, "fields": {"date": "2018-09-16", "shots": 2, "player": 10, "hole": 11}}, {"model": "rounds.score", "pk": 68, "fields": {"date": "2018-09-16", "shots": 5, "player": 10, "hole": 12}}, {"model": "rounds.score", "pk": 69, "fields": {"date": "2018-09-16", "shots": 4, "player": 10, "hole": 13}}, {"model": "rounds.score", "pk": 70, "fields": {"date": "2018-09-16", "shots": 4, "player": 10, "hole": 14}}, {"model": "rounds.score", "pk": 71, "fields": {"date": "2018-09-16", "shots": 8, "player": 10, "hole": 15}}, {"model": "rounds.score", "pk": 72, "fields": {"date": "2018-09-16", "shots": 5, "player": 10, "hole": 16}}, {"model": "rounds.score", "pk": 73, "fields": {"date": "2018-09-16", "shots": 5, "player": 10, "hole": 17}}, {"model": "rounds.score", "pk": 74, "fields": {"date": "2018-09-16", "shots": 5, "player": 10, "hole": 18}}, {"model": "rounds.score", "pk": 75, "fields": {"date": "2018-07-01", "shots": 5, "player": 10, "hole": 1}}, {"model": "rounds.score", "pk": 76, "fields": {"date": "2018-07-01", "shots": 5, "player": 10, "hole": 2}}, {"model": "rounds.score", "pk": 77, "fields": {"date": "2018-07-01", "shots": 3, "player": 10, "hole": 3}}, {"model": "rounds.score", "pk": 78, "fields": {"date": "2018-07-01", "shots": 4, "player": 10, "hole": 4}}, {"model": "rounds.score", "pk": 79, "fields": {"date": "2018-07-01", "shots": 5, "player": 10, "hole": 5}}, {"model": "rounds.score", "pk": 80, "fields": {"date": "2018-07-01", "shots": 4, "player": 10, "hole": 6}}, {"model": "rounds.score", "pk": 81, "fields": {"date": "2018-07-01", "shots": 5, "player": 10, "hole": 7}}, {"model": "rounds.score", "pk": 83, "fields": {"date": "2018-07-01", "shots": 3, "player": 10, "hole": 8}}, {"model": "rounds.score", "pk": 84, "fields": {"date": "2018-07-01", "shots": 5, "player": 10, "hole": 9}}, {"model": "rounds.score", "pk": 85, "fields": {"date": "2018-07-01", "shots": 5, "player": 10, "hole": 10}}, {"model": "rounds.score", "pk": 86, "fields": {"date": "2018-07-01", "shots": 3, "player": 10, "hole": 11}}, {"model": "rounds.score", "pk": 87, "fields": {"date": "2018-07-01", "shots": 4, "player": 10, "hole": 12}}, {"model": "rounds.score", "pk": 88, "fields": {"date": "2018-07-01", "shots": 7, "player": 10, "hole": 13}}, {"model": "rounds.score", "pk": 89, "fields": {"date": "2018-07-01", "shots": 3, "player": 10, "hole": 14}}, {"model": "rounds.score", "pk": 90, "fields": {"date": "2018-07-01", "shots": 4, "player": 10, "hole": 15}}, {"model": "rounds.score", "pk": 91, "fields": {"date": "2018-07-01", "shots": 5, "player": 10, "hole": 16}}, {"model": "rounds.score", "pk": 92, "fields": {"date": "2018-07-01", "shots": 5, "player": 10, "hole": 17}}, {"model": "rounds.score", "pk": 93, "fields": {"date": "2018-07-01", "shots": 5, "player": 10, "hole": 18}}]